SG_PARTIDO	DS_ESPECTRO_POLITICO
PC DO B	Esquerda
PC do B	Esquerda
PSTU	Esquerda
PCB	Esquerda
PCO	Esquerda
PSOL	Esquerda
PT	Centro-esquerda
PDT	Centro-esquerda
PPS	Centro-esquerda
PSB	Centro-esquerda
PSD	Centro-esquerda
PMN	Centro-esquerda
PST	Centro-esquerda
PGT	Centro-esquerda
PMB	Centro-esquerda
PPL	Centro-esquerda
REDE	Centro-esquerda
SD	Centro-esquerda
SOLIDARIEDADE	Centro-esquerda
PSDB	Centro
PMDB	Centro
MDB	Centro
PTB	Centro
PV	Centro
PT DO B	Centro
PT do B	Centro
AVANTE	Centro
PAN	Centro
PFL	Centro-direita
PL	Centro-direita
PSC	Centro-direita
PRP	Centro-direita
PSN	Centro-direita
PSDC	Centro-direita
PTN	Centro-direita
PRN	Centro-direita
DEM	Centro-direita
PHS	Centro-direita
PR	Centro-direita
PRB	Centro-direita
PROS	Centro-direita
PTC	Centro-direita
PODE	Centro-direita
PPB	Direita
PRONA	Direita
PSL	Direita
PRTB	Direita
NOVO	Direita
PEN	Direita
PP	Direita
PATRI	Direita
PPR	Direita
PTRB	Direita
DC	Direita
